Country,Clicks,Impressions,CTR,Position
India,367,13376,2.74%,7.55
Indonesia,250,9432,2.65%,7.04
Philippines,147,9946,1.48%,7.85
United States,146,28216,0.52%,8.84
Netherlands,131,7916,1.65%,6.92
United Kingdom,111,5049,2.2%,8.87
Germany,107,7148,1.5%,7.65
Sweden,93,4405,2.11%,7.7
Italy,79,3894,2.03%,7.74
Bangladesh,76,2634,2.89%,6.92
Australia,73,4506,1.62%,7.57
Belgium,60,2567,2.34%,7.24
Czechia,56,2173,2.58%,7.37
Malaysia,52,2445,2.13%,8.15
Romania,52,2304,2.26%,7.63
Algeria,46,2013,2.29%,6.98
South Africa,46,1832,2.51%,7.53
Turkey,45,3046,1.48%,7.64
Denmark,44,2300,1.91%,7.43
France,44,2087,2.11%,7.58
Pakistan,44,1880,2.34%,7.57
New Zealand,44,1820,2.42%,7.69
Morocco,40,2032,1.97%,7.31
Norway,39,2277,1.71%,7.33
Portugal,38,2309,1.65%,7.55
Spain,37,1964,1.88%,7.79
Greece,37,1799,2.06%,7.56
Canada,35,4115,0.85%,7.84
Switzerland,34,1831,1.86%,7.29
Poland,33,2147,1.54%,7.75
Egypt,33,1840,1.79%,6.97
Austria,33,1720,1.92%,7.32
Singapore,32,1549,2.07%,8.46
Japan,31,1487,2.08%,7.43
Taiwan,31,1202,2.58%,7.88
Russia,30,1732,1.73%,7.4
Iran,29,519,5.59%,6.73
Mexico,28,2300,1.22%,8.2
Vietnam,28,1772,1.58%,7.92
Croatia,26,924,2.81%,7.39
Slovakia,24,844,2.84%,7.46
Hungary,23,1265,1.82%,7.32
Nepal,23,1241,1.85%,7.56
South Korea,23,892,2.58%,7.14
Bulgaria,22,992,2.22%,7.4
United Arab Emirates,21,1341,1.57%,7.95
Finland,20,1462,1.37%,7.37
Chile,20,1266,1.58%,7.8
Lithuania,19,959,1.98%,7.82
Ukraine,19,926,2.05%,7.48
Israel,18,1064,1.69%,7.68
Saudi Arabia,17,1313,1.29%,7.53
Colombia,17,1120,1.52%,7.76
Hong Kong,17,803,2.12%,7.84
Thailand,16,969,1.65%,7.69
Slovenia,16,678,2.36%,7.38
Brazil,12,2332,0.51%,8.17
Cyprus,12,324,3.7%,7.25
Serbia,11,1017,1.08%,7.6
Ireland,11,941,1.17%,7.81
Sri Lanka,11,528,2.08%,7.83
Iraq,10,834,1.2%,7.43
Estonia,10,512,1.95%,8.03
Jordan,10,496,2.02%,7.72
Kenya,10,406,2.46%,7.34
Peru,9,748,1.2%,8.23
Oman,9,191,4.71%,7.65
Ethiopia,9,180,5%,7.13
Albania,8,265,3.02%,7.48
Luxembourg,8,168,4.76%,7.49
Tunisia,7,896,0.78%,7.57
Costa Rica,7,335,2.09%,7.7
Puerto Rico,7,301,2.33%,7.62
Uruguay,7,265,2.64%,7.77
Syria,7,244,2.87%,7.15
Qatar,7,238,2.94%,7.93
Venezuela,6,423,1.42%,8.2
Lebanon,6,381,1.57%,7.71
Mongolia,6,246,2.44%,8.09
Bahrain,6,150,4%,7.51
Ecuador,5,532,0.94%,7.93
Latvia,5,504,0.99%,7.64
Macedonia,5,264,1.89%,7.41
Bolivia,5,224,2.23%,7.79
China,4,951,0.42%,7.94
Bosnia & Herzegovina,4,407,0.98%,7.61
Nigeria,4,283,1.41%,7.73
Kuwait,4,283,1.41%,8.23
Malta,4,166,2.41%,7.91
Brunei,4,140,2.86%,7.64
Trinidad & Tobago,4,108,3.7%,7.68
Myanmar (Burma),4,69,5.8%,8.54
Argentina,3,868,0.35%,8.17
Georgia,3,360,0.83%,7.26
Guatemala,3,170,1.76%,7.66
Iceland,3,158,1.9%,8.28
Ghana,3,102,2.94%,6.96
Yemen,3,81,3.7%,6.81
Côte d’Ivoire,3,62,4.84%,6.61
Uganda,3,53,5.66%,6.6
Zambia,3,39,7.69%,6.87
Cambodia,2,249,0.8%,7.48
Palestine,2,160,1.25%,7.43
Belarus,2,129,1.55%,7.39
El Salvador,2,124,1.61%,7.57
Azerbaijan,2,114,1.75%,7.39
Maldives,2,84,2.38%,7.52
Nicaragua,2,55,3.64%,8.04
Cameroon,2,43,4.65%,7.21
Suriname,2,28,7.14%,7.29
Dominican Republic,1,252,0.4%,8.16
Kazakhstan,1,248,0.4%,7.76
Moldova,1,137,0.73%,7.57
Panama,1,130,0.77%,7.58
Honduras,1,118,0.85%,7.71
Kosovo,1,112,0.89%,7.99
Uzbekistan,1,108,0.93%,7.13
Mauritius,1,104,0.96%,7.4
Armenia,1,90,1.11%,7.08
Madagascar,1,77,1.3%,6.26
Montenegro,1,75,1.33%,7.95
Jamaica,1,59,1.69%,7.98
Namibia,1,41,2.44%,6.85
Mozambique,1,38,2.63%,7.08
Guyana,1,30,3.33%,7.57
Fiji,1,28,3.57%,7.14
Benin,1,27,3.7%,6.3
Isle of Man,1,18,5.56%,7.22
Jersey,1,17,5.88%,7.65
Andorra,1,16,6.25%,6.62
Malawi,1,16,6.25%,7.81
Bhutan,1,14,7.14%,5.93
Burkina Faso,1,14,7.14%,8.64
Seychelles,1,11,9.09%,5.27
Sierra Leone,1,11,9.09%,6.82
Congo - Brazzaville,1,10,10%,6.8
French Polynesia,1,9,11.11%,6.78
Togo,1,8,12.5%,7.62
Antigua & Barbuda,1,5,20%,7.6
San Marino,1,4,25%,5.25
Paraguay,0,199,0%,7.54
Libya,0,117,0%,7.21
Cuba,0,83,0%,8.46
Tanzania,0,44,0%,8.75
Senegal,0,41,0%,6.61
Papua New Guinea,0,32,0%,7.28
Zimbabwe,0,30,0%,7.3
Kyrgyzstan,0,29,0%,7.72
Belize,0,28,0%,6.93
Guam,0,27,0%,7.19
Macau,0,26,0%,7.19
Rwanda,0,26,0%,7.65
Afghanistan,0,23,0%,7.39
Sudan,0,21,0%,6.67
Angola,0,18,0%,6.67
Botswana,0,18,0%,6.78
Aruba,0,17,0%,8.12
Bahamas,0,16,0%,6.69
Faroe Islands,0,16,0%,8.31
Laos,0,16,0%,8.94
Congo - Kinshasa,0,13,0%,6.77
Greenland,0,13,0%,6.92
Réunion,0,13,0%,7.69
Grenada,0,13,0%,8.15
Mali,0,12,0%,6.67
Barbados,0,12,0%,7.58
Liechtenstein,0,10,0%,6
Swaziland,0,10,0%,7.1
Western Sahara,0,10,0%,8.1
Tajikistan,0,9,0%,8
Svalbard & Jan Mayen,0,8,0%,7.62
Curaçao,0,7,0%,6.71
Somalia,0,7,0%,7.14
Guernsey,0,7,0%,7.57
Haiti,0,7,0%,9.29
Gabon,0,6,0%,6.83
Gambia,0,6,0%,8
Vanuatu,0,6,0%,9.17
Niger,0,5,0%,5.2
Central African Republic,0,5,0%,6.2
Gibraltar,0,5,0%,7.4
Bermuda,0,5,0%,8.2
Northern Mariana Islands,0,4,0%,5
Djibouti,0,4,0%,5.75
Samoa,0,4,0%,6.5
Turks & Caicos Islands,0,4,0%,6.75
Mauritania,0,4,0%,7
St. Lucia,0,4,0%,7.75
Dominica,0,4,0%,8
Guadeloupe,0,4,0%,8
Turkmenistan,0,4,0%,8
U.S. Virgin Islands,0,4,0%,8
Lesotho,0,4,0%,8.25
St. Vincent & Grenadines,0,4,0%,8.5
Anguilla,0,3,0%,6
Chad,0,3,0%,7
Cape Verde,0,3,0%,7.33
Timor-Leste,0,3,0%,8.33
Åland Islands,0,3,0%,9.33
Martinique,0,3,0%,9.33
Unknown Region,0,2,0%,6
Cook Islands,0,2,0%,7
Liberia,0,2,0%,7.5
Burundi,0,2,0%,8
Monaco,0,2,0%,8
Cayman Islands,0,2,0%,9
Solomon Islands,0,2,0%,9.5
French Guiana,0,2,0%,12
North Korea,0,1,0%,2
Marshall Islands,0,1,0%,3
Micronesia,0,1,0%,6
St. Helena,0,1,0%,6
Sint Maarten,0,1,0%,7
St. Kitts & Nevis,0,1,0%,8
South Sudan,0,1,0%,8
Caribbean Netherlands,0,1,0%,9
Guinea,0,1,0%,9
Equatorial Guinea,0,1,0%,10